Student_ID,Gender,Age,Degree,CGPA,Internships_Count,Projects_Count,Certifications_Count,Technical_Skills_Score_100,Communication_Skills_Score_100,Aptitude_Test_Score_100,Placement_Offer,Salary_Offered_USD
1,Male,19,Business,2.56,3.0,8.0,0,64.0,42.0,57,Yes,8047.08
2,Female,27,Engineering,3.66,0.0,5.0,2,78.0,54.0,40,Yes,
3,Male,26,Data Science,3.73,0.0,5.0,1,61.0,54.0,49,No,11791.75
4,Male,18,Computer Science,2.21,2.0,8.0,5,66.0,,72,Yes,13946.28
4,Male,18,Computer Science,2.21,2.0,8.0,5,66.0,,72,Yes,13946.28
5,Male,20,Business,2.59,3.0,9.0,2,69.0,,53,No,
6,Male,21,Computer Science,3.04,2.0,4.0,0,64.0,74.0,91,No,19631.72
7,Male,25,Data Science,2.42,,8.0,4,50.0,61.0,65,Yes,
8,Female,28,Data Science,2.48,4.0,8.0,2,,57.0,50,No,13036.97
9,Female,27,Engineering,3.02,0.0,3.0,4,49.0,,76,Yes,16192.47
10,Male,29,Data Science,3.01,2.0,4.0,2,,90.0,67,No,12022.49
11,Female,28,Arts,2.14,0.0,,1,92.0,78.0,78,Yes,17819.5
12,Female,20,Data Science,2.18,4.0,5.0,0,95.0,91.0,42,Yes,10923.5
13,Male,25,Data Science,3.75,4.0,6.0,3,59.0,58.0,88,Yes,4770.96
13,Male,25,Data Science,3.75,4.0,6.0,3,59.0,58.0,88,Yes,4770.96
14,Female,27,Business,2.42,2.0,,3,42.0,85.0,48,Yes,
15,Male,25,Engineering,2.97,3.0,2.0,5,92.0,79.0,71,No,10596.11
16,Female,19,Arts,2.93,0.0,,0,59.0,,92,Yes,10484.99
17,Male,28,Computer Science,3.19,2.0,2.0,0,47.0,93.0,56,No,18755.05
18,Female,22,Engineering,2.46,,5.0,2,79.0,94.0,73,Yes,
19,Female,28,Arts,3.49,0.0,2.0,4,74.0,86.0,94,Yes,
20,Male,29,Arts,2.6,1.0,,0,75.0,40.0,86,No,
20,Male,29,Arts,2.6,1.0,,0,75.0,40.0,86,No,
21,Male,25,Business,2.55,0.0,1.0,4,47.0,74.0,97,No,15116.57
22,Male,22,Business,3.7,3.0,6.0,3,66.0,,70,No,6889.4
23,Female,25,Arts,2.79,2.0,9.0,5,71.0,48.0,74,No,17820.39
24,Female,26,Computer Science,2.19,2.0,3.0,5,45.0,53.0,48,Yes,3127.2
25,Female,28,Computer Science,2.9,3.0,9.0,3,99.0,97.0,41,Yes,14979.79
25,Female,28,Computer Science,2.9,3.0,9.0,3,99.0,97.0,41,Yes,14979.79
26,Male,18,Computer Science,3.32,,2.0,0,72.0,54.0,49,Yes,7242.88
27,Female,20,Data Science,2.57,0.0,,2,,58.0,65,Yes,15396.65
27,Female,20,Data Science,2.57,0.0,,2,,58.0,65,Yes,15396.65
28,Male,25,Engineering,3.98,4.0,2.0,0,43.0,80.0,57,No,
29,Male,22,Data Science,2.99,0.0,3.0,1,57.0,86.0,87,No,18333.77
30,Male,21,Arts,2.68,,,4,70.0,63.0,88,No,4496.08
31,Male,25,Computer Science,3.8,3.0,3.0,2,80.0,82.0,70,No,11313.22
31,Male,25,Computer Science,3.8,3.0,3.0,2,80.0,82.0,70,No,11313.22
32,Female,21,Computer Science,3.57,4.0,6.0,5,90.0,89.0,55,Yes,13330.57
33,Female,25,Arts,2.96,,,2,61.0,71.0,65,Yes,17702.16
34,Female,18,Engineering,2.17,,5.0,2,,55.0,51,No,3260.97
34,Female,18,Engineering,2.17,,5.0,2,,55.0,51,No,3260.97
35,Male,25,Arts,3.37,,2.0,2,75.0,94.0,80,No,
36,Male,24,Arts,2.9,3.0,4.0,2,47.0,50.0,48,No,11103.91
36,Male,24,Arts,2.9,3.0,4.0,2,47.0,50.0,48,No,11103.91
37,Female,26,Computer Science,2.5,2.0,,1,,50.0,94,Yes,
38,Male,24,Computer Science,2.24,2.0,8.0,5,93.0,62.0,94,Yes,
39,Male,28,Engineering,3.98,4.0,9.0,2,,79.0,69,No,
40,Female,26,Business,2.11,0.0,2.0,3,92.0,82.0,65,No,11364.8
41,Male,18,Computer Science,2.64,0.0,9.0,3,40.0,,86,No,14681.45
42,Female,23,Business,3.32,3.0,7.0,4,43.0,,77,No,
43,Male,21,Computer Science,3.49,4.0,7.0,0,72.0,78.0,98,Yes,13320.95
44,Female,20,Engineering,3.91,,1.0,4,49.0,42.0,86,No,10405.9
45,Female,22,Data Science,2.88,2.0,,3,99.0,77.0,93,No,8891.29
46,Female,21,Computer Science,3.96,3.0,3.0,1,69.0,,89,Yes,15146.61
47,Male,21,Arts,2.54,0.0,4.0,5,45.0,79.0,97,Yes,12618.15
48,Male,27,Engineering,2.65,1.0,4.0,0,,63.0,48,Yes,4530.72
49,Male,25,Business,2.25,0.0,2.0,1,82.0,59.0,82,Yes,9592.81
50,Male,19,Computer Science,2.1,2.0,3.0,1,71.0,53.0,48,Yes,3623.01
50,Male,19,Computer Science,2.1,2.0,3.0,1,71.0,53.0,48,Yes,3623.01
51,Female,26,Data Science,2.25,,5.0,0,64.0,60.0,74,Yes,
51,Female,26,Data Science,2.25,,5.0,0,64.0,60.0,74,Yes,
52,Female,18,Data Science,2.0,3.0,3.0,3,86.0,60.0,50,Yes,18707.32
53,Male,19,Data Science,3.51,2.0,5.0,5,41.0,50.0,41,No,13697.39
54,Male,22,Computer Science,3.48,2.0,8.0,5,80.0,84.0,69,No,15118.06
55,Female,25,Data Science,2.04,1.0,8.0,2,60.0,74.0,76,No,7986.97
56,Male,20,Arts,3.32,2.0,3.0,5,60.0,85.0,95,No,
57,Female,29,Business,2.46,1.0,5.0,4,59.0,75.0,90,Yes,19308.35
58,Male,29,Business,3.11,2.0,1.0,3,,83.0,81,Yes,15558.83
59,Male,22,Arts,2.32,0.0,7.0,1,96.0,48.0,87,No,
60,Female,26,Business,3.45,3.0,,3,,41.0,90,No,5493.02
61,Male,21,Data Science,3.15,,7.0,3,71.0,,88,No,
61,Male,21,Data Science,3.15,,7.0,3,71.0,,88,No,
62,Female,22,Data Science,3.86,1.0,,5,51.0,73.0,92,No,6412.38
63,Male,27,Arts,3.59,4.0,7.0,4,89.0,93.0,93,No,
64,Female,24,Engineering,3.3,3.0,5.0,3,77.0,,65,Yes,13679.82
65,Male,20,Arts,2.79,1.0,,1,89.0,58.0,97,Yes,4032.2
65,Male,20,Arts,2.79,1.0,,1,89.0,58.0,97,Yes,4032.2
66,Male,25,Arts,3.87,2.0,1.0,2,76.0,,96,No,
67,Male,25,Computer Science,3.12,1.0,6.0,4,85.0,56.0,80,No,15807.07
68,Male,25,Computer Science,3.29,4.0,6.0,5,87.0,84.0,51,Yes,14073.6
69,Female,22,Engineering,2.47,3.0,7.0,0,66.0,,81,Yes,8551.18
70,Male,28,Arts,3.06,2.0,7.0,5,49.0,76.0,62,Yes,9230.63
71,Male,25,Computer Science,3.35,0.0,2.0,0,66.0,58.0,72,Yes,4133.27
72,Female,26,Arts,2.83,2.0,5.0,3,94.0,76.0,98,Yes,5119.81
73,Female,22,Engineering,2.13,2.0,6.0,3,93.0,66.0,86,Yes,9350.44
74,Female,18,Computer Science,3.2,0.0,2.0,3,,,78,No,16101.66
75,Female,25,Computer Science,3.82,2.0,9.0,4,94.0,83.0,97,Yes,
76,Male,29,Business,2.73,2.0,6.0,3,62.0,61.0,77,Yes,6245.6
77,Male,28,Data Science,2.77,,5.0,3,74.0,58.0,57,No,
78,Male,28,Arts,3.65,0.0,8.0,0,70.0,47.0,64,No,
79,Male,24,Engineering,3.26,1.0,,5,88.0,49.0,72,Yes,15229.88
80,Female,21,Arts,3.72,2.0,1.0,0,79.0,87.0,83,Yes,18794.38
81,Female,22,Arts,2.43,2.0,7.0,5,63.0,81.0,69,Yes,10349.92
82,Male,19,Arts,3.2,4.0,6.0,4,68.0,65.0,89,No,7510.57
83,Male,19,Engineering,2.83,2.0,3.0,4,74.0,91.0,79,No,6942.04
84,Male,25,Data Science,3.6,4.0,1.0,2,55.0,97.0,50,No,16309.23
85,Male,20,Arts,2.96,4.0,2.0,3,,81.0,94,Yes,14090.42
86,Female,28,Computer Science,2.84,,1.0,2,,,45,Yes,19768.21
87,Male,28,Business,2.93,2.0,3.0,5,65.0,44.0,81,Yes,19174.97
88,Female,25,Data Science,3.0,,6.0,0,93.0,46.0,95,Yes,4242.57
89,Female,26,Data Science,2.23,,2.0,2,41.0,76.0,49,Yes,6068.55
90,Male,27,Arts,3.84,,6.0,4,91.0,86.0,42,Yes,5477.61
91,Female,28,Engineering,2.97,3.0,8.0,0,47.0,62.0,97,Yes,
92,Female,22,Data Science,3.31,4.0,3.0,0,43.0,87.0,85,Yes,9836.7
92,Female,22,Data Science,3.31,4.0,3.0,0,43.0,87.0,85,Yes,9836.7
93,Female,22,Business,2.18,0.0,3.0,1,,,67,No,16417.56
93,Female,22,Business,2.18,0.0,3.0,1,,,67,No,16417.56
94,Male,22,Business,2.49,0.0,1.0,0,42.0,88.0,79,Yes,6370.28
95,Female,25,Engineering,2.41,1.0,3.0,2,91.0,77.0,85,Yes,
96,Female,25,Arts,2.18,1.0,7.0,1,70.0,91.0,74,Yes,13715.9
97,Female,27,Business,3.8,3.0,9.0,0,49.0,,41,No,6032.32
98,Male,29,Computer Science,2.67,0.0,8.0,2,88.0,74.0,56,Yes,16761.52
99,Male,27,Business,2.54,2.0,3.0,3,42.0,71.0,43,No,7492.94
100,Male,22,Data Science,2.27,4.0,,4,93.0,91.0,80,Yes,9615.08
100,Male,22,Data Science,2.27,4.0,,4,93.0,91.0,80,Yes,9615.08
101,Female,19,Arts,3.66,,1.0,3,45.0,49.0,91,Yes,8872.02
102,Male,23,Data Science,2.49,2.0,,1,79.0,53.0,98,Yes,19113.47
103,Male,23,Business,2.41,4.0,9.0,5,,40.0,98,Yes,7406.91
104,Female,26,Engineering,2.04,0.0,7.0,2,90.0,86.0,74,Yes,10152.54
105,Female,27,Data Science,3.6,1.0,4.0,0,74.0,95.0,87,Yes,9967.56
106,Female,23,Data Science,2.44,1.0,4.0,1,94.0,,50,Yes,17465.58
107,Male,19,Engineering,3.09,3.0,3.0,4,45.0,89.0,92,Yes,16886.8
108,Female,18,Computer Science,3.32,1.0,5.0,2,84.0,50.0,74,Yes,17504.66
109,Female,24,Business,2.19,,8.0,2,,43.0,45,Yes,
109,Female,24,Business,2.19,,8.0,2,,43.0,45,Yes,
110,Male,18,Engineering,2.67,3.0,3.0,5,70.0,76.0,42,No,7284.23
111,Male,27,Engineering,3.74,4.0,6.0,4,75.0,,80,Yes,6350.75
112,Female,22,Arts,2.7,1.0,4.0,4,52.0,45.0,90,Yes,5018.84
113,Female,24,Data Science,3.0,3.0,3.0,5,52.0,67.0,50,Yes,12715.86
114,Male,28,Business,3.55,,1.0,3,,56.0,59,Yes,9576.45
115,Female,22,Engineering,3.97,0.0,8.0,0,41.0,60.0,88,Yes,
116,Female,23,Business,2.56,2.0,7.0,0,90.0,,45,Yes,
117,Female,21,Data Science,2.2,3.0,7.0,1,84.0,,52,Yes,10869.07
118,Female,22,Data Science,2.58,4.0,8.0,0,90.0,89.0,40,No,3998.84
119,Female,24,Business,3.0,0.0,,5,61.0,45.0,64,Yes,10523.08
120,Female,29,Computer Science,3.82,,3.0,2,48.0,60.0,57,No,19101.28
121,Female,29,Computer Science,2.04,2.0,2.0,0,67.0,61.0,87,Yes,6025.67
122,Male,20,Arts,2.65,3.0,4.0,0,87.0,49.0,96,Yes,
123,Female,23,Business,3.16,4.0,4.0,0,80.0,80.0,59,No,10265.13
124,Female,20,Data Science,3.12,1.0,8.0,1,49.0,43.0,70,No,8597.35
125,Female,22,Arts,3.52,2.0,8.0,2,89.0,56.0,68,No,5561.26
126,Female,21,Engineering,2.03,0.0,7.0,4,61.0,,99,No,
127,Male,20,Data Science,3.49,1.0,5.0,4,57.0,59.0,45,No,
128,Male,28,Arts,2.82,3.0,,2,,,42,Yes,
129,Male,22,Business,3.63,2.0,6.0,3,57.0,65.0,64,No,
130,Female,26,Engineering,3.22,4.0,1.0,0,67.0,76.0,96,Yes,8661.42
131,Female,18,Business,2.01,0.0,2.0,3,68.0,94.0,77,Yes,5597.94
132,Male,24,Business,2.49,,6.0,0,96.0,61.0,65,Yes,10340.75
133,Male,26,Data Science,3.14,4.0,1.0,3,66.0,78.0,45,Yes,
134,Female,28,Computer Science,2.27,,6.0,2,50.0,46.0,56,No,19718.52
135,Female,26,Engineering,3.38,1.0,9.0,1,,96.0,71,No,
136,Male,23,Data Science,2.63,3.0,6.0,1,43.0,80.0,70,No,10777.55
137,Male,24,Computer Science,2.43,0.0,,4,76.0,55.0,91,Yes,
138,Male,23,Business,3.88,2.0,,3,83.0,81.0,55,No,16325.59
139,Female,24,Engineering,2.44,,7.0,4,,,42,No,8995.06
140,Male,18,Computer Science,2.36,2.0,5.0,0,79.0,42.0,91,No,10922.09
141,Female,22,Data Science,2.93,,,4,42.0,94.0,99,Yes,11773.06
142,Female,27,Engineering,2.59,3.0,6.0,3,66.0,44.0,41,Yes,6517.14
143,Male,18,Arts,2.78,0.0,8.0,3,,48.0,49,Yes,5252.2
144,Male,29,Computer Science,3.69,0.0,8.0,3,89.0,54.0,91,No,5627.05
145,Female,26,Arts,3.94,,8.0,0,92.0,,89,No,9188.48
146,Male,18,Data Science,2.33,1.0,6.0,4,41.0,53.0,50,Yes,
147,Female,23,Arts,2.99,2.0,2.0,4,82.0,81.0,50,Yes,6352.47
148,Female,24,Computer Science,3.32,4.0,1.0,5,42.0,89.0,76,Yes,4744.25
149,Female,24,Data Science,2.03,1.0,,4,79.0,98.0,47,Yes,
150,Female,26,Data Science,3.47,4.0,2.0,4,,72.0,43,Yes,9686.81
151,Male,26,Arts,2.84,4.0,7.0,5,69.0,65.0,73,No,
152,Female,22,Engineering,3.29,4.0,2.0,4,52.0,42.0,44,No,15689.16
153,Male,22,Engineering,3.27,0.0,7.0,2,47.0,59.0,58,Yes,12639.54
154,Female,18,Computer Science,2.15,4.0,1.0,2,58.0,,53,No,
155,Male,19,Computer Science,3.53,2.0,6.0,4,84.0,78.0,87,Yes,14663.83
156,Male,27,Engineering,2.47,,8.0,3,90.0,88.0,46,Yes,16902.41
157,Female,18,Engineering,3.7,2.0,4.0,1,64.0,97.0,54,No,12617.74
158,Female,25,Engineering,3.42,,2.0,1,47.0,44.0,97,Yes,12000.69
159,Male,29,Computer Science,3.53,,9.0,2,84.0,,89,No,19440.1
159,Male,29,Computer Science,3.53,,9.0,2,84.0,,89,No,19440.1
160,Female,23,Business,3.83,4.0,6.0,0,75.0,96.0,61,No,10023.02
161,Female,22,Computer Science,2.6,3.0,,0,84.0,59.0,55,No,11923.96
162,Female,25,Engineering,2.22,4.0,5.0,5,68.0,84.0,71,No,
163,Male,20,Business,2.2,1.0,7.0,2,72.0,76.0,71,Yes,
164,Female,21,Data Science,2.23,4.0,,3,65.0,83.0,98,Yes,10111.08
165,Female,23,Computer Science,2.79,3.0,,0,83.0,,77,No,14350.96
166,Female,23,Computer Science,3.59,4.0,5.0,5,,91.0,71,No,3817.74
167,Female,22,Engineering,3.28,3.0,5.0,3,61.0,56.0,47,Yes,17599.46
168,Male,20,Business,3.78,1.0,7.0,4,44.0,48.0,96,Yes,19614.81
169,Male,24,Arts,3.39,4.0,6.0,2,,58.0,76,Yes,
170,Female,27,Arts,3.53,3.0,1.0,1,40.0,,82,Yes,10963.98
171,Female,25,Business,3.43,3.0,,5,88.0,75.0,98,Yes,10705.28
172,Male,27,Arts,3.47,3.0,7.0,2,,,71,Yes,
173,Male,22,Data Science,3.12,3.0,2.0,4,,84.0,98,Yes,
174,Female,28,Data Science,3.91,4.0,9.0,0,88.0,95.0,95,Yes,
175,Male,27,Computer Science,2.6,0.0,,4,60.0,,69,Yes,8386.4
176,Male,24,Arts,3.34,2.0,4.0,4,50.0,70.0,77,No,5339.24
177,Male,23,Engineering,2.46,,3.0,3,41.0,55.0,76,Yes,15367.21
178,Female,25,Computer Science,2.8,0.0,8.0,3,99.0,,42,Yes,9335.94
179,Male,21,Business,2.11,4.0,4.0,1,41.0,,91,Yes,17215.66
180,Female,27,Data Science,2.64,1.0,3.0,0,,63.0,89,Yes,11171.96
181,Female,28,Engineering,2.09,3.0,,5,48.0,88.0,65,No,
182,Male,19,Engineering,2.14,,3.0,5,41.0,55.0,89,Yes,19998.13
183,Male,21,Business,2.92,0.0,,1,75.0,81.0,79,No,16897.92
184,Male,27,Computer Science,2.7,1.0,5.0,1,94.0,65.0,67,Yes,7584.37
184,Male,27,Computer Science,2.7,1.0,5.0,1,94.0,65.0,67,Yes,7584.37
185,Female,21,Computer Science,2.46,0.0,2.0,3,43.0,72.0,71,Yes,4376.88
186,Male,26,Computer Science,2.63,0.0,,5,54.0,77.0,81,Yes,3546.99
186,Male,26,Computer Science,2.63,0.0,,5,54.0,77.0,81,Yes,3546.99
187,Male,21,Business,3.88,,4.0,1,57.0,92.0,44,Yes,16379.95
188,Female,23,Business,3.45,4.0,,1,66.0,63.0,46,Yes,
189,Male,29,Arts,3.54,1.0,8.0,5,95.0,42.0,53,No,7365.7
189,Male,29,Arts,3.54,1.0,8.0,5,95.0,42.0,53,No,7365.7
190,Male,24,Computer Science,2.77,3.0,8.0,3,,63.0,97,Yes,4671.73
191,Female,25,Computer Science,3.31,2.0,1.0,4,,,52,Yes,
192,Male,24,Computer Science,3.3,3.0,5.0,4,82.0,47.0,55,No,
193,Male,23,Data Science,2.88,2.0,2.0,3,47.0,57.0,68,No,7012.24
193,Male,23,Data Science,2.88,2.0,2.0,3,47.0,57.0,68,No,7012.24
194,Female,25,Data Science,3.37,0.0,9.0,2,94.0,44.0,55,Yes,15192.32
195,Male,19,Computer Science,2.63,1.0,,4,58.0,,53,Yes,14047.72
196,Male,19,Computer Science,2.99,2.0,,0,59.0,92.0,79,Yes,8830.01
197,Male,24,Computer Science,2.93,,2.0,3,89.0,86.0,66,Yes,12515.83
198,Male,24,Engineering,3.89,2.0,2.0,2,83.0,97.0,63,Yes,13654.84
199,Female,22,Engineering,3.98,4.0,1.0,1,70.0,,65,Yes,
200,Male,27,Computer Science,2.02,1.0,,1,68.0,45.0,56,Yes,
201,Female,18,Business,3.26,4.0,9.0,5,57.0,,63,Yes,15747.13
202,Female,28,Computer Science,2.89,3.0,2.0,3,81.0,48.0,51,Yes,17529.79
203,Male,27,Arts,2.01,4.0,3.0,5,60.0,45.0,50,Yes,4601.78
204,Male,21,Engineering,3.21,0.0,9.0,1,72.0,69.0,68,Yes,12919.82
205,Male,26,Data Science,2.66,,,3,49.0,84.0,97,No,15395.62
206,Female,23,Data Science,3.4,,6.0,5,52.0,75.0,64,No,
207,Male,21,Business,3.32,3.0,9.0,0,53.0,54.0,43,No,13325.57
207,Male,21,Business,3.32,3.0,9.0,0,53.0,54.0,43,No,13325.57
208,Male,21,Computer Science,2.46,1.0,7.0,1,56.0,49.0,47,Yes,
209,Male,26,Computer Science,2.28,3.0,,5,93.0,56.0,47,No,18026.56
210,Female,25,Arts,2.51,,9.0,0,,84.0,68,No,17096.87
211,Male,18,Data Science,2.26,3.0,4.0,3,72.0,46.0,83,Yes,7280.02
212,Male,19,Engineering,3.17,1.0,3.0,5,51.0,59.0,86,Yes,16505.1
213,Male,25,Engineering,3.24,2.0,9.0,5,94.0,,94,No,5315.12
214,Female,20,Engineering,2.08,1.0,3.0,1,73.0,48.0,83,Yes,16287.19
214,Female,20,Engineering,2.08,1.0,3.0,1,73.0,48.0,83,Yes,16287.19
215,Male,21,Arts,3.38,1.0,1.0,4,48.0,49.0,80,No,14659.65
216,Female,23,Arts,3.74,,3.0,3,97.0,,64,Yes,17044.03
217,Female,29,Computer Science,3.94,2.0,,0,70.0,67.0,49,No,11888.63
218,Female,23,Arts,2.53,0.0,,5,71.0,84.0,61,No,
219,Female,18,Engineering,3.51,3.0,9.0,1,95.0,,43,No,15426.84
220,Male,20,Computer Science,3.05,3.0,,5,41.0,75.0,68,Yes,3981.65
221,Female,23,Arts,2.51,4.0,3.0,4,96.0,46.0,85,Yes,
222,Female,29,Business,2.08,0.0,3.0,2,,67.0,77,Yes,
223,Female,26,Engineering,2.59,2.0,4.0,3,,77.0,69,No,18350.6
224,Female,27,Business,2.78,1.0,7.0,3,82.0,44.0,99,Yes,12350.97
224,Female,27,Business,2.78,1.0,7.0,3,82.0,44.0,99,Yes,12350.97
225,Male,25,Data Science,3.89,,,3,41.0,78.0,75,Yes,
226,Male,27,Business,2.58,2.0,9.0,1,,60.0,83,Yes,7068.0
227,Female,25,Engineering,3.99,,3.0,3,57.0,99.0,65,Yes,10350.95
228,Female,22,Arts,3.83,1.0,7.0,4,64.0,86.0,90,No,11952.36
229,Female,23,Engineering,2.8,4.0,9.0,5,97.0,44.0,61,Yes,8940.65
230,Female,19,Computer Science,2.37,1.0,5.0,4,78.0,77.0,96,No,8780.2
231,Female,26,Computer Science,3.5,1.0,4.0,5,,92.0,83,Yes,5737.33
232,Male,24,Data Science,3.52,3.0,2.0,3,85.0,82.0,45,Yes,5931.03
233,Male,26,Data Science,2.4,,,3,92.0,73.0,73,No,17461.67
233,Male,26,Data Science,2.4,,,3,92.0,73.0,73,No,17461.67
234,Female,22,Engineering,2.58,2.0,3.0,2,,58.0,88,Yes,
235,Female,20,Business,3.65,2.0,3.0,1,65.0,,95,No,10487.33
236,Female,25,Business,3.38,3.0,7.0,5,99.0,96.0,53,Yes,16205.76
237,Male,19,Business,2.99,0.0,6.0,0,98.0,83.0,99,Yes,5546.35
237,Male,19,Business,2.99,0.0,6.0,0,98.0,83.0,99,Yes,5546.35
238,Female,24,Business,2.36,1.0,3.0,3,56.0,66.0,82,Yes,6561.62
239,Male,20,Arts,3.93,1.0,9.0,0,46.0,68.0,61,No,13010.97
240,Male,24,Data Science,3.53,2.0,,5,70.0,96.0,54,Yes,4774.76
240,Male,24,Data Science,3.53,2.0,,5,70.0,96.0,54,Yes,4774.76
241,Male,23,Business,2.14,2.0,8.0,0,50.0,98.0,85,Yes,14389.17
242,Female,28,Computer Science,2.84,,4.0,5,,,88,Yes,8450.81
243,Female,24,Computer Science,2.22,4.0,7.0,3,54.0,73.0,94,Yes,18211.9
244,Female,18,Engineering,3.55,0.0,,0,87.0,65.0,74,Yes,13687.32
245,Male,21,Engineering,3.48,4.0,8.0,4,58.0,,94,No,10508.09
245,Male,21,Engineering,3.48,4.0,8.0,4,58.0,,94,No,10508.09
246,Female,29,Data Science,3.62,,7.0,5,73.0,67.0,42,No,12209.29
247,Male,20,Computer Science,2.17,3.0,,5,83.0,95.0,55,Yes,6873.59
248,Male,29,Business,2.25,3.0,8.0,2,,95.0,86,Yes,
249,Female,20,Arts,2.75,4.0,,1,89.0,45.0,69,Yes,3945.82
250,Female,27,Engineering,2.8,4.0,4.0,2,73.0,78.0,81,Yes,9816.88
251,Female,28,Arts,3.51,4.0,9.0,4,55.0,,90,No,17411.26
252,Male,25,Engineering,3.29,0.0,1.0,2,67.0,49.0,79,Yes,14750.35
253,Female,23,Arts,3.43,3.0,9.0,0,69.0,50.0,55,No,13938.57
254,Female,23,Arts,3.53,0.0,1.0,5,80.0,,56,Yes,19198.46
255,Male,18,Engineering,3.53,,,0,78.0,67.0,74,Yes,18196.29
256,Male,18,Engineering,2.25,1.0,6.0,0,40.0,57.0,82,Yes,10289.33
257,Male,29,Data Science,3.02,1.0,5.0,2,60.0,58.0,99,No,15633.06
257,Male,29,Data Science,3.02,1.0,5.0,2,60.0,58.0,99,No,15633.06
258,Female,27,Business,3.22,2.0,4.0,2,41.0,57.0,41,No,
259,Male,21,Business,2.71,3.0,5.0,0,81.0,74.0,52,Yes,
260,Female,25,Arts,3.22,3.0,7.0,4,94.0,94.0,48,Yes,10575.11
261,Female,19,Data Science,2.46,4.0,,5,82.0,,41,Yes,12829.69
262,Male,28,Engineering,3.84,2.0,,3,95.0,93.0,96,No,
262,Male,28,Engineering,3.84,2.0,,3,95.0,93.0,96,No,
263,Male,26,Engineering,3.1,,9.0,1,81.0,87.0,91,Yes,15645.81
264,Female,20,Arts,3.97,1.0,7.0,4,51.0,73.0,49,Yes,3823.09
265,Female,23,Data Science,3.76,0.0,4.0,0,80.0,,99,Yes,
266,Female,18,Arts,2.65,1.0,8.0,4,52.0,78.0,52,Yes,12353.81
267,Female,19,Business,2.08,0.0,8.0,4,92.0,,73,Yes,13952.75
268,Female,18,Engineering,3.93,0.0,,5,77.0,82.0,55,No,7934.58
269,Male,25,Data Science,2.84,0.0,6.0,5,96.0,,61,Yes,
270,Female,25,Engineering,3.85,1.0,1.0,2,84.0,79.0,81,Yes,11506.91
271,Female,23,Arts,3.63,,9.0,3,53.0,82.0,59,Yes,5180.27
272,Female,29,Data Science,3.26,4.0,9.0,3,49.0,,70,Yes,18224.8
273,Male,26,Business,2.68,,1.0,1,,,56,Yes,12712.09
274,Female,19,Data Science,3.55,0.0,9.0,5,70.0,95.0,53,Yes,14695.14
275,Female,23,Arts,3.05,,1.0,2,,96.0,99,Yes,9122.06
276,Male,24,Engineering,3.18,,2.0,3,91.0,50.0,96,Yes,17552.26
277,Male,25,Arts,2.86,1.0,6.0,3,94.0,51.0,51,No,
278,Male,18,Data Science,2.06,,7.0,1,41.0,96.0,92,Yes,
279,Female,24,Data Science,2.66,,7.0,1,,87.0,82,No,8751.44
280,Female,22,Arts,2.52,0.0,6.0,4,88.0,51.0,91,Yes,18736.31
281,Male,19,Business,2.4,3.0,8.0,3,90.0,84.0,78,No,19472.73
281,Male,19,Business,2.4,3.0,8.0,3,90.0,84.0,78,No,19472.73
282,Male,22,Business,3.1,3.0,8.0,2,,65.0,93,Yes,14276.08
282,Male,22,Business,3.1,3.0,8.0,2,,65.0,93,Yes,14276.08
283,Female,20,Computer Science,2.35,1.0,1.0,4,50.0,61.0,73,Yes,3396.99
284,Male,20,Computer Science,2.43,,9.0,0,76.0,,59,Yes,16710.16
285,Male,19,Engineering,2.47,3.0,4.0,4,71.0,81.0,90,Yes,11403.67
286,Male,18,Engineering,2.95,,4.0,5,,67.0,50,Yes,
287,Female,27,Engineering,3.94,3.0,9.0,3,95.0,65.0,69,No,7342.27
288,Male,29,Engineering,3.02,3.0,,1,51.0,68.0,70,Yes,4351.22
289,Female,19,Computer Science,2.65,4.0,,2,46.0,,44,Yes,17328.7
290,Female,19,Business,3.07,,2.0,1,,79.0,64,Yes,11528.02
291,Female,29,Engineering,3.25,0.0,9.0,0,,90.0,51,Yes,9075.9
292,Male,24,Computer Science,3.24,0.0,3.0,0,93.0,67.0,62,Yes,
293,Female,24,Business,3.44,,6.0,0,77.0,50.0,87,Yes,
294,Female,21,Business,2.92,,3.0,2,75.0,63.0,88,No,3747.88
295,Female,27,Business,3.97,4.0,5.0,5,46.0,87.0,68,No,12202.19
296,Male,24,Computer Science,2.37,0.0,,3,71.0,92.0,61,Yes,6828.03
297,Male,25,Computer Science,2.08,,8.0,3,82.0,45.0,96,No,17240.3
297,Male,25,Computer Science,2.08,,8.0,3,82.0,45.0,96,No,17240.3
298,Male,25,Arts,2.73,1.0,4.0,3,,96.0,58,Yes,
299,Male,29,Arts,2.95,4.0,3.0,0,89.0,81.0,47,No,
300,Female,24,Computer Science,2.24,1.0,,1,,74.0,83,No,13297.52
300,Female,24,Computer Science,2.24,1.0,,1,,74.0,83,No,13297.52
301,Male,19,Engineering,2.82,1.0,7.0,1,,71.0,77,Yes,8685.08
302,Female,27,Business,2.01,,1.0,4,94.0,95.0,67,Yes,
303,Female,21,Arts,2.12,0.0,3.0,1,53.0,78.0,99,No,13044.16
303,Female,21,Arts,2.12,0.0,3.0,1,53.0,78.0,99,No,13044.16
304,Female,25,Arts,2.59,2.0,3.0,0,43.0,64.0,54,Yes,17434.9
305,Female,20,Business,3.69,4.0,4.0,4,89.0,47.0,99,Yes,13046.97
306,Male,21,Arts,3.68,,1.0,4,51.0,41.0,79,Yes,
307,Female,26,Data Science,3.26,,9.0,4,57.0,41.0,89,No,16050.61
308,Female,28,Data Science,2.6,,2.0,1,,,99,Yes,17630.85
309,Female,18,Arts,2.97,1.0,,3,49.0,57.0,66,No,16250.95
309,Female,18,Arts,2.97,1.0,,3,49.0,57.0,66,No,16250.95
310,Female,21,Engineering,3.86,,2.0,5,51.0,98.0,73,Yes,10627.29
310,Female,21,Engineering,3.86,,2.0,5,51.0,98.0,73,Yes,10627.29
311,Female,21,Data Science,2.16,,8.0,2,83.0,94.0,83,Yes,14313.26
312,Female,27,Engineering,2.51,4.0,,3,41.0,91.0,87,No,
313,Male,26,Computer Science,2.11,1.0,6.0,1,75.0,70.0,72,Yes,7946.94
314,Male,29,Business,2.3,0.0,8.0,3,,80.0,84,Yes,5161.29
315,Female,29,Arts,2.32,,5.0,1,83.0,81.0,88,Yes,19300.62
316,Male,24,Data Science,2.67,2.0,,0,,95.0,41,Yes,18901.46
317,Male,21,Engineering,3.41,3.0,9.0,4,99.0,43.0,43,Yes,14599.95
318,Female,25,Arts,2.58,0.0,5.0,2,56.0,81.0,80,No,
319,Male,23,Computer Science,3.15,2.0,7.0,3,,50.0,82,Yes,19378.52
320,Female,26,Computer Science,3.33,0.0,8.0,5,76.0,80.0,55,No,16222.2
321,Female,29,Data Science,3.15,0.0,,3,96.0,52.0,74,Yes,10426.97
322,Female,22,Arts,2.06,4.0,8.0,3,51.0,,66,No,17853.06
323,Female,29,Arts,2.76,0.0,8.0,4,72.0,64.0,50,Yes,17186.68
324,Female,28,Arts,2.21,4.0,1.0,2,71.0,,58,Yes,12257.41
325,Female,26,Computer Science,2.46,3.0,7.0,3,55.0,,56,Yes,8972.11
326,Male,23,Computer Science,3.34,0.0,6.0,5,,41.0,86,Yes,9163.55
327,Female,19,Business,3.21,,9.0,0,65.0,53.0,58,Yes,12367.01
328,Female,25,Computer Science,2.48,1.0,8.0,2,,44.0,50,Yes,17833.3
329,Female,20,Computer Science,2.56,0.0,,5,70.0,,58,Yes,10203.55
330,Male,25,Business,2.37,0.0,2.0,0,76.0,50.0,95,Yes,4842.45
331,Male,26,Arts,2.81,2.0,,3,49.0,,89,Yes,8528.59
332,Male,19,Computer Science,2.29,1.0,7.0,0,,54.0,51,No,3173.08
333,Female,29,Business,3.69,,9.0,3,,83.0,72,Yes,17924.85
334,Female,29,Arts,2.37,1.0,3.0,4,,,81,No,
335,Male,25,Engineering,2.27,1.0,7.0,2,78.0,70.0,72,Yes,19297.84
336,Female,19,Business,2.47,,1.0,4,94.0,94.0,56,Yes,9443.42
337,Male,26,Business,2.73,,3.0,1,75.0,71.0,61,No,12056.65
338,Male,19,Arts,3.63,2.0,2.0,4,63.0,,85,No,
339,Female,27,Data Science,3.83,3.0,6.0,1,46.0,,73,Yes,3689.25
340,Male,20,Engineering,3.11,0.0,9.0,5,,71.0,51,No,
341,Female,29,Computer Science,3.59,4.0,3.0,1,59.0,62.0,87,Yes,9819.29
342,Female,21,Data Science,3.39,1.0,8.0,0,83.0,97.0,99,Yes,3650.57
343,Male,22,Arts,2.11,0.0,9.0,5,,90.0,71,Yes,14909.09
344,Male,20,Arts,3.47,2.0,8.0,5,44.0,60.0,44,Yes,15904.27
345,Male,29,Arts,3.73,3.0,9.0,4,92.0,40.0,54,Yes,13108.46
346,Male,28,Data Science,3.27,4.0,,5,,83.0,87,Yes,10240.59
347,Female,18,Arts,2.32,0.0,3.0,2,55.0,71.0,44,No,
348,Female,28,Engineering,3.98,0.0,9.0,1,88.0,93.0,47,No,6297.37
349,Female,29,Data Science,3.62,0.0,1.0,2,59.0,74.0,82,No,14406.25
350,Female,25,Engineering,2.84,0.0,4.0,0,,79.0,83,Yes,11265.38
350,Female,25,Engineering,2.84,0.0,4.0,0,,79.0,83,Yes,11265.38
351,Female,23,Engineering,3.57,1.0,1.0,3,83.0,72.0,98,Yes,14081.64
351,Female,23,Engineering,3.57,1.0,1.0,3,83.0,72.0,98,Yes,14081.64
352,Male,27,Arts,3.06,0.0,2.0,1,43.0,68.0,40,No,18606.52
353,Female,26,Engineering,3.48,1.0,4.0,5,,92.0,82,Yes,
354,Male,23,Data Science,3.49,4.0,8.0,3,48.0,,51,Yes,4107.41
355,Female,18,Arts,3.51,4.0,6.0,0,88.0,70.0,56,Yes,14353.63
356,Female,29,Computer Science,2.05,,,4,94.0,,97,No,
357,Female,23,Business,2.02,1.0,4.0,2,58.0,61.0,84,Yes,
358,Male,28,Computer Science,3.97,,6.0,1,74.0,92.0,40,Yes,7490.06
359,Male,23,Data Science,3.48,1.0,1.0,5,98.0,64.0,54,No,12183.67
360,Female,19,Arts,3.65,4.0,5.0,5,83.0,,41,No,13284.13
361,Male,21,Data Science,2.26,,,1,47.0,60.0,61,No,6682.34
362,Male,26,Arts,2.64,3.0,,4,67.0,,66,Yes,5284.59
363,Female,18,Business,3.98,4.0,9.0,3,63.0,48.0,57,No,16699.62
364,Male,26,Engineering,2.07,2.0,2.0,3,,59.0,79,Yes,14771.45
365,Male,18,Engineering,3.39,0.0,2.0,2,59.0,44.0,90,Yes,
366,Male,18,Engineering,2.33,0.0,8.0,2,66.0,,58,No,5927.12
367,Male,28,Business,2.75,4.0,6.0,3,60.0,67.0,88,Yes,15847.05
368,Male,27,Data Science,3.85,1.0,8.0,0,64.0,84.0,63,Yes,13993.18
369,Female,20,Computer Science,2.98,0.0,1.0,1,78.0,93.0,46,Yes,12885.79
370,Female,23,Computer Science,3.51,,3.0,1,51.0,52.0,60,No,
371,Male,19,Computer Science,2.14,3.0,,4,96.0,47.0,86,Yes,5793.04
372,Female,20,Business,2.75,2.0,7.0,4,80.0,79.0,70,Yes,
373,Male,21,Data Science,2.03,,5.0,0,66.0,84.0,67,Yes,17079.16
374,Male,18,Data Science,3.76,3.0,9.0,1,49.0,,94,Yes,6753.95
375,Male,24,Data Science,3.48,4.0,2.0,4,40.0,98.0,50,Yes,
376,Female,25,Computer Science,2.26,0.0,1.0,4,91.0,,74,Yes,5593.92
377,Female,21,Computer Science,2.88,4.0,3.0,0,86.0,55.0,90,No,14346.16
378,Male,27,Computer Science,2.24,4.0,,1,57.0,,85,No,9981.8
379,Female,25,Computer Science,3.16,,8.0,0,,62.0,58,Yes,
380,Male,27,Business,3.8,3.0,8.0,1,91.0,50.0,66,Yes,3754.06
381,Female,22,Computer Science,3.94,2.0,2.0,1,58.0,45.0,88,Yes,9048.83
382,Male,26,Data Science,2.94,1.0,6.0,4,84.0,69.0,50,No,6239.91
383,Female,18,Data Science,3.66,2.0,5.0,5,55.0,44.0,83,Yes,4987.98
384,Female,27,Data Science,3.54,4.0,2.0,4,81.0,50.0,65,No,3497.44
385,Male,25,Arts,2.02,,,2,45.0,93.0,54,No,3685.82
386,Male,18,Data Science,2.34,,4.0,0,43.0,44.0,50,Yes,14945.74
387,Male,18,Business,2.45,0.0,6.0,3,77.0,87.0,59,Yes,11456.02
388,Female,29,Business,2.18,1.0,9.0,3,41.0,87.0,52,No,
389,Male,20,Computer Science,2.57,,,2,52.0,,69,No,4487.87
390,Female,22,Data Science,2.68,,3.0,0,43.0,71.0,55,Yes,5953.95
391,Female,27,Data Science,2.85,,9.0,5,52.0,88.0,83,No,7603.27
392,Male,28,Data Science,3.83,0.0,6.0,1,80.0,46.0,44,Yes,11271.81
392,Male,28,Data Science,3.83,0.0,6.0,1,80.0,46.0,44,Yes,11271.81
393,Male,29,Business,3.03,1.0,8.0,4,,52.0,57,Yes,18923.74
394,Female,19,Business,2.27,0.0,8.0,0,55.0,57.0,61,Yes,8772.98
395,Male,27,Data Science,2.98,2.0,3.0,4,56.0,49.0,74,No,9065.66
396,Male,29,Computer Science,3.03,,3.0,1,86.0,62.0,55,Yes,15131.78
397,Female,23,Computer Science,2.62,2.0,9.0,4,67.0,,72,Yes,11250.38
398,Female,26,Business,3.19,,3.0,3,86.0,82.0,92,No,7802.32
399,Male,23,Arts,2.61,3.0,,0,73.0,,93,Yes,5653.91
400,Male,24,Data Science,2.56,3.0,7.0,4,61.0,43.0,97,Yes,3657.52
401,Female,26,Business,3.75,3.0,9.0,2,65.0,61.0,61,Yes,6760.82
402,Female,28,Data Science,2.81,2.0,3.0,0,,94.0,97,Yes,18678.99
402,Female,28,Data Science,2.81,2.0,3.0,0,,94.0,97,Yes,18678.99
403,Male,22,Business,3.02,4.0,1.0,3,97.0,46.0,59,Yes,19895.36
403,Male,22,Business,3.02,4.0,1.0,3,97.0,46.0,59,Yes,19895.36
404,Female,26,Business,3.23,3.0,2.0,3,74.0,91.0,80,Yes,16671.18
404,Female,26,Business,3.23,3.0,2.0,3,74.0,91.0,80,Yes,16671.18
405,Male,22,Engineering,3.24,4.0,4.0,3,88.0,84.0,49,No,10848.79
406,Female,19,Arts,3.23,3.0,7.0,0,63.0,47.0,97,Yes,
407,Female,21,Business,3.53,2.0,,5,85.0,,44,No,16996.91
408,Female,20,Engineering,2.57,2.0,4.0,4,59.0,78.0,54,Yes,
409,Male,25,Business,3.59,1.0,2.0,5,83.0,90.0,65,Yes,6018.69
410,Female,18,Engineering,3.08,2.0,7.0,4,54.0,99.0,91,No,5762.24
411,Female,24,Engineering,3.78,2.0,7.0,2,51.0,70.0,62,Yes,12758.28
412,Female,20,Arts,3.87,1.0,7.0,5,71.0,56.0,90,Yes,4061.44
413,Female,25,Data Science,2.14,3.0,6.0,1,,,76,Yes,
414,Female,21,Data Science,2.84,2.0,5.0,5,93.0,87.0,47,Yes,10592.88
415,Male,24,Engineering,3.76,2.0,3.0,2,45.0,,48,Yes,
415,Male,24,Engineering,3.76,2.0,3.0,2,45.0,,48,Yes,
416,Male,22,Business,2.92,4.0,,0,,47.0,54,Yes,11804.64
417,Female,20,Arts,3.82,0.0,7.0,5,95.0,67.0,60,Yes,7228.62
418,Female,24,Arts,2.03,2.0,2.0,2,58.0,,94,No,13490.6
419,Female,27,Arts,3.1,,5.0,4,52.0,99.0,67,Yes,
420,Female,27,Business,2.58,3.0,2.0,5,,74.0,94,Yes,10187.63
421,Female,22,Data Science,2.44,1.0,,4,82.0,86.0,41,Yes,
422,Female,29,Arts,2.87,3.0,7.0,0,62.0,57.0,81,No,
423,Female,25,Data Science,3.99,,2.0,4,94.0,,45,No,5878.76
424,Female,18,Data Science,2.54,2.0,1.0,1,97.0,,76,No,6641.61
425,Female,21,Business,3.73,3.0,,5,60.0,72.0,96,No,12259.54
426,Female,29,Computer Science,2.45,,5.0,3,,82.0,85,Yes,
427,Female,21,Data Science,3.47,0.0,7.0,2,45.0,44.0,46,No,10552.26
428,Female,19,Arts,2.62,3.0,4.0,0,64.0,70.0,57,Yes,
429,Female,20,Business,2.11,4.0,2.0,2,57.0,63.0,78,No,15900.67
430,Male,19,Business,3.77,2.0,,3,98.0,67.0,91,No,16573.25
431,Male,21,Business,3.05,2.0,2.0,5,88.0,45.0,42,No,14009.2
431,Male,21,Business,3.05,2.0,2.0,5,88.0,45.0,42,No,14009.2
432,Female,28,Arts,3.9,,,0,73.0,59.0,58,No,16291.01
432,Female,28,Arts,3.9,,,0,73.0,59.0,58,No,16291.01
433,Female,18,Engineering,3.42,4.0,,4,,64.0,88,Yes,13286.54
434,Female,22,Business,2.42,0.0,4.0,3,84.0,86.0,94,Yes,
435,Male,25,Data Science,3.33,2.0,4.0,4,96.0,92.0,70,No,8818.16
436,Male,29,Business,3.49,,,4,62.0,70.0,48,Yes,17216.35
437,Female,22,Engineering,3.75,0.0,9.0,2,95.0,,62,Yes,14014.67
438,Male,28,Data Science,3.54,3.0,,1,40.0,78.0,56,Yes,
439,Male,22,Data Science,3.35,1.0,9.0,5,70.0,44.0,53,No,
440,Male,25,Data Science,2.45,1.0,9.0,3,40.0,56.0,69,Yes,3392.81
441,Male,24,Business,2.09,3.0,,4,46.0,85.0,87,No,
442,Female,21,Business,2.47,,8.0,4,,41.0,43,Yes,6898.44
443,Male,21,Data Science,2.62,,5.0,0,76.0,78.0,58,Yes,
444,Male,27,Engineering,2.96,1.0,,4,,,58,No,14295.59
445,Male,24,Computer Science,2.86,3.0,6.0,1,69.0,46.0,70,No,
446,Male,25,Data Science,2.61,,8.0,3,74.0,,78,Yes,12350.27
446,Male,25,Data Science,2.61,,8.0,3,74.0,,78,Yes,12350.27
447,Female,22,Engineering,3.31,3.0,,4,,83.0,58,No,6973.37
448,Male,27,Engineering,2.46,,5.0,0,44.0,90.0,96,No,15565.36
449,Female,19,Engineering,3.66,0.0,5.0,5,,64.0,98,Yes,18277.75
450,Male,25,Data Science,3.73,0.0,,5,89.0,58.0,54,Yes,15491.59
451,Female,22,Data Science,3.68,0.0,,0,,45.0,56,Yes,16743.46
452,Male,28,Computer Science,2.2,4.0,,2,40.0,63.0,84,Yes,18898.65
452,Male,28,Computer Science,2.2,4.0,,2,40.0,63.0,84,Yes,18898.65
453,Male,28,Engineering,3.59,2.0,9.0,3,49.0,56.0,55,Yes,
454,Male,18,Business,3.53,3.0,,4,50.0,79.0,85,Yes,18345.03
455,Male,19,Arts,3.06,3.0,7.0,5,84.0,,96,Yes,
456,Female,20,Arts,3.28,2.0,,4,77.0,72.0,76,No,8949.18
457,Female,29,Engineering,3.72,3.0,,3,78.0,46.0,53,Yes,8561.57
458,Male,21,Arts,2.1,,,5,,,43,Yes,6535.76
459,Female,27,Arts,2.78,3.0,2.0,1,71.0,56.0,57,Yes,
460,Male,29,Data Science,2.52,1.0,7.0,3,,50.0,56,Yes,18040.45
461,Female,18,Data Science,2.76,2.0,5.0,5,59.0,47.0,71,Yes,4424.87
462,Male,29,Computer Science,2.11,,2.0,2,43.0,96.0,45,Yes,12843.06
463,Female,24,Engineering,3.37,1.0,,2,53.0,53.0,92,Yes,14881.34
464,Female,26,Arts,3.88,3.0,4.0,2,97.0,74.0,44,No,16858.74
465,Female,29,Data Science,2.62,3.0,2.0,2,81.0,59.0,79,Yes,12475.89
466,Male,29,Arts,3.81,1.0,1.0,4,67.0,73.0,44,No,
467,Female,20,Arts,2.33,3.0,4.0,2,46.0,91.0,60,No,11898.3
468,Male,22,Business,2.29,4.0,,0,72.0,,51,Yes,6263.11
469,Male,19,Engineering,3.09,4.0,1.0,3,,57.0,66,Yes,4160.29
470,Male,27,Data Science,2.56,2.0,,4,99.0,73.0,72,Yes,7350.83
471,Male,24,Data Science,3.11,0.0,6.0,2,,67.0,55,No,16832.99
472,Female,18,Business,2.81,4.0,1.0,4,,58.0,66,Yes,5062.67
473,Female,29,Data Science,3.8,1.0,3.0,0,43.0,62.0,49,No,
474,Female,21,Business,2.27,3.0,9.0,4,88.0,45.0,95,No,6774.72
474,Female,21,Business,2.27,3.0,9.0,4,88.0,45.0,95,No,6774.72
475,Male,23,Engineering,2.78,0.0,7.0,3,67.0,,54,No,7925.31
476,Male,29,Computer Science,3.55,1.0,3.0,3,84.0,70.0,47,Yes,
477,Male,20,Arts,2.31,0.0,5.0,0,66.0,46.0,46,Yes,17161.06
478,Female,27,Computer Science,3.09,0.0,9.0,1,,47.0,66,Yes,13611.74
479,Female,24,Business,3.46,0.0,9.0,2,,44.0,62,Yes,15758.12
480,Female,25,Arts,3.05,4.0,3.0,5,,73.0,62,Yes,18139.59
481,Male,29,Arts,3.81,3.0,5.0,5,89.0,,48,Yes,
482,Male,27,Engineering,2.89,0.0,6.0,1,94.0,,60,No,
483,Male,23,Arts,2.5,0.0,1.0,0,98.0,69.0,63,Yes,12323.3
484,Male,25,Arts,2.62,2.0,7.0,5,,85.0,57,Yes,10704.07
485,Female,23,Business,3.61,3.0,9.0,0,,99.0,57,No,16975.31
485,Female,23,Business,3.61,3.0,9.0,0,,99.0,57,No,16975.31
486,Male,22,Business,3.67,,,4,62.0,49.0,88,Yes,7249.4
487,Female,22,Business,3.44,3.0,6.0,4,,,95,Yes,13345.01
488,Female,25,Arts,2.27,4.0,8.0,1,60.0,53.0,45,Yes,
489,Male,26,Engineering,2.99,,,4,56.0,49.0,59,No,
490,Female,18,Business,3.54,3.0,1.0,3,98.0,96.0,82,Yes,10989.61
491,Male,28,Arts,2.2,,5.0,1,,94.0,78,No,6510.68
492,Male,20,Business,2.95,3.0,8.0,4,40.0,50.0,47,Yes,14431.97
493,Female,20,Engineering,3.76,1.0,5.0,3,41.0,,81,Yes,9258.06
494,Male,18,Arts,2.25,,7.0,2,72.0,42.0,45,Yes,
495,Male,25,Business,2.99,,6.0,1,94.0,85.0,45,Yes,17767.78
496,Male,29,Engineering,2.33,2.0,2.0,5,,,46,No,
497,Female,19,Business,3.72,4.0,6.0,3,,84.0,50,Yes,12793.86
498,Male,19,Computer Science,2.34,2.0,3.0,1,59.0,,87,Yes,
499,Male,18,Arts,2.13,4.0,1.0,1,46.0,92.0,92,Yes,10552.2
500,Male,20,Data Science,2.4,0.0,2.0,3,85.0,52.0,65,Yes,7023.75
500,Male,20,Data Science,2.4,0.0,2.0,3,85.0,52.0,65,Yes,7023.75
501,Male,28,Arts,3.07,4.0,8.0,0,90.0,83.0,59,No,16942.83
502,Male,25,Computer Science,3.76,3.0,7.0,2,99.0,76.0,63,Yes,
503,Female,23,Data Science,2.21,3.0,4.0,0,69.0,44.0,47,Yes,
504,Female,27,Data Science,3.99,,8.0,3,63.0,95.0,71,No,15338.29
504,Female,27,Data Science,3.99,,8.0,3,63.0,95.0,71,No,15338.29
505,Male,21,Business,3.91,,4.0,4,76.0,63.0,48,No,15994.41
506,Male,21,Data Science,2.2,2.0,6.0,1,60.0,,99,Yes,6266.03
506,Male,21,Data Science,2.2,2.0,6.0,1,60.0,,99,Yes,6266.03
507,Female,24,Arts,3.82,2.0,6.0,1,73.0,,62,Yes,13350.6
507,Female,24,Arts,3.82,2.0,6.0,1,73.0,,62,Yes,13350.6
508,Female,23,Engineering,3.98,,6.0,5,85.0,,52,Yes,
509,Female,29,Computer Science,3.91,3.0,5.0,3,,76.0,44,Yes,11449.79
510,Female,22,Business,2.77,4.0,,5,98.0,45.0,53,No,13524.36
511,Female,26,Engineering,3.19,1.0,8.0,3,,96.0,92,Yes,
512,Female,27,Data Science,2.21,,,3,62.0,,84,Yes,
513,Male,24,Business,3.37,3.0,,3,97.0,55.0,89,Yes,17255.37
514,Male,22,Business,2.43,4.0,5.0,1,59.0,71.0,63,No,6564.42
515,Female,28,Computer Science,2.29,0.0,4.0,2,45.0,,41,Yes,15091.93
516,Male,26,Computer Science,2.58,,8.0,3,47.0,80.0,42,Yes,13804.98
517,Female,18,Business,2.83,3.0,8.0,0,78.0,,87,Yes,4277.89
518,Female,29,Business,2.68,3.0,,3,99.0,47.0,81,No,14296.2
519,Male,24,Data Science,3.17,3.0,9.0,1,54.0,43.0,52,No,10752.89
520,Female,28,Data Science,2.13,4.0,8.0,3,86.0,71.0,87,Yes,6092.97
521,Male,22,Arts,2.52,3.0,4.0,2,47.0,99.0,54,Yes,10264.23
522,Female,27,Business,2.81,,3.0,1,91.0,90.0,92,No,5153.47
523,Male,18,Data Science,3.14,,3.0,4,,,72,Yes,19108.06
524,Male,29,Computer Science,2.88,1.0,7.0,5,,47.0,46,Yes,19567.53
525,Female,28,Arts,2.9,,8.0,1,86.0,68.0,82,Yes,10241.07
526,Female,18,Engineering,2.88,1.0,1.0,5,65.0,51.0,92,Yes,6569.08
527,Female,23,Arts,3.63,1.0,2.0,0,54.0,59.0,54,No,
528,Male,26,Computer Science,2.39,,,4,40.0,,50,No,
529,Male,18,Business,3.79,0.0,,0,,75.0,70,No,
530,Female,26,Engineering,2.68,2.0,2.0,4,93.0,47.0,42,No,9808.5
531,Female,19,Arts,3.83,0.0,,0,86.0,80.0,50,Yes,15166.75
532,Female,24,Data Science,2.29,,,2,71.0,95.0,42,Yes,13409.9
533,Male,29,Business,3.6,1.0,5.0,4,64.0,61.0,65,No,19852.1
534,Male,22,Business,2.08,2.0,,4,,76.0,54,Yes,17278.68
535,Female,25,Arts,3.85,1.0,,4,77.0,99.0,69,Yes,19569.56
536,Female,20,Engineering,3.94,,8.0,0,95.0,96.0,74,Yes,16141.42
537,Female,29,Engineering,2.1,,6.0,5,77.0,62.0,69,Yes,10183.06
538,Female,23,Data Science,3.61,0.0,1.0,5,,,40,Yes,
539,Female,22,Computer Science,2.3,2.0,3.0,4,81.0,58.0,94,No,9842.24
539,Female,22,Computer Science,2.3,2.0,3.0,4,81.0,58.0,94,No,9842.24
540,Male,24,Computer Science,3.35,,4.0,5,,44.0,97,No,4707.38
541,Female,21,Data Science,3.82,,8.0,4,50.0,65.0,63,Yes,6762.64
542,Male,18,Engineering,3.81,,7.0,5,68.0,,92,Yes,19639.13
543,Male,22,Data Science,2.43,4.0,9.0,0,,90.0,50,Yes,
544,Male,27,Arts,2.21,4.0,8.0,2,62.0,96.0,47,No,9719.27
545,Female,27,Business,3.31,1.0,,1,51.0,,80,Yes,
546,Male,18,Arts,3.35,4.0,4.0,4,45.0,48.0,48,Yes,11557.62
547,Female,20,Arts,2.65,2.0,,0,46.0,72.0,71,Yes,14121.73
548,Female,25,Engineering,3.97,2.0,9.0,3,,70.0,78,No,17844.04
549,Female,24,Business,2.32,4.0,,2,99.0,41.0,88,Yes,4828.87
550,Male,18,Computer Science,2.38,0.0,9.0,4,54.0,,92,No,11110.89
551,Male,21,Engineering,2.89,0.0,,4,79.0,,90,Yes,8497.93
551,Male,21,Engineering,2.89,0.0,,4,79.0,,90,Yes,8497.93
552,Male,24,Engineering,3.17,2.0,8.0,5,74.0,55.0,54,Yes,13777.61
552,Male,24,Engineering,3.17,2.0,8.0,5,74.0,55.0,54,Yes,13777.61
553,Female,22,Arts,3.69,1.0,6.0,4,55.0,54.0,42,No,
554,Male,19,Business,3.88,0.0,6.0,3,76.0,54.0,51,Yes,8807.72
555,Female,23,Arts,2.04,2.0,1.0,3,48.0,97.0,55,Yes,6442.3
556,Female,21,Arts,3.79,4.0,1.0,5,97.0,,43,Yes,
557,Male,26,Business,2.67,4.0,,4,51.0,85.0,79,Yes,15635.64
558,Female,27,Engineering,2.22,1.0,,5,76.0,67.0,76,Yes,
559,Male,29,Computer Science,2.65,3.0,9.0,2,53.0,95.0,70,Yes,
559,Male,29,Computer Science,2.65,3.0,9.0,2,53.0,95.0,70,Yes,
560,Male,18,Engineering,3.79,2.0,2.0,1,63.0,43.0,76,No,14440.86
561,Male,26,Engineering,2.67,4.0,8.0,3,88.0,,98,No,13642.2
561,Male,26,Engineering,2.67,4.0,8.0,3,88.0,,98,No,13642.2
562,Male,28,Engineering,2.67,,,4,45.0,56.0,46,Yes,9946.62
563,Male,27,Business,3.23,,8.0,0,57.0,63.0,95,Yes,13858.72
564,Male,25,Engineering,3.34,1.0,7.0,4,59.0,86.0,81,Yes,4997.48
565,Female,29,Business,3.05,0.0,3.0,4,68.0,96.0,58,No,12694.04
566,Female,20,Business,3.97,3.0,3.0,2,95.0,41.0,52,No,12873.67
566,Female,20,Business,3.97,3.0,3.0,2,95.0,41.0,52,No,12873.67
567,Male,22,Computer Science,3.92,3.0,,1,,,90,No,11421.06
568,Female,28,Arts,3.61,,7.0,5,73.0,92.0,90,Yes,16657.35
569,Female,18,Business,3.54,0.0,1.0,3,51.0,57.0,45,Yes,9281.36
570,Female,26,Computer Science,2.3,,8.0,0,41.0,42.0,61,Yes,8473.7
571,Female,21,Arts,2.18,0.0,7.0,2,51.0,87.0,99,No,4808.08
572,Female,20,Business,3.94,,7.0,2,58.0,88.0,71,Yes,8402.3
572,Female,20,Business,3.94,,7.0,2,58.0,88.0,71,Yes,8402.3
573,Male,21,Data Science,2.16,1.0,8.0,5,,42.0,98,No,9199.09
574,Male,24,Arts,3.61,,1.0,5,,41.0,73,Yes,4498.52
575,Female,20,Arts,2.1,0.0,2.0,2,66.0,88.0,65,Yes,15543.74
576,Male,29,Engineering,2.36,2.0,,2,87.0,,90,Yes,
577,Male,26,Arts,2.84,1.0,4.0,2,59.0,60.0,56,No,18411.37
578,Female,23,Data Science,3.94,4.0,3.0,5,74.0,,97,Yes,4753.81
579,Female,22,Computer Science,2.85,3.0,5.0,5,57.0,46.0,89,Yes,6991.14
580,Male,22,Engineering,2.28,1.0,2.0,5,78.0,63.0,49,Yes,5912.84
581,Male,18,Computer Science,2.35,1.0,7.0,5,56.0,,82,Yes,13851.21
582,Female,29,Business,3.33,1.0,7.0,2,95.0,43.0,75,No,
583,Female,18,Arts,3.95,4.0,7.0,1,64.0,85.0,65,No,17178.33
584,Female,21,Computer Science,2.12,3.0,,1,,41.0,52,Yes,4162.87
585,Female,29,Engineering,3.75,3.0,1.0,0,63.0,81.0,69,Yes,4892.69
586,Female,26,Computer Science,3.05,4.0,7.0,2,65.0,,53,Yes,12116.9
587,Male,29,Computer Science,2.34,1.0,2.0,3,83.0,,50,No,16257.87
588,Male,23,Computer Science,3.15,3.0,9.0,2,,94.0,57,No,15110.23
589,Male,22,Business,3.4,4.0,,0,,61.0,61,Yes,11673.43
590,Female,29,Engineering,3.22,3.0,7.0,5,46.0,86.0,62,No,3436.01
591,Female,29,Business,3.85,1.0,1.0,0,56.0,74.0,76,Yes,19761.43
591,Female,29,Business,3.85,1.0,1.0,0,56.0,74.0,76,Yes,19761.43
592,Female,19,Engineering,3.28,4.0,1.0,0,91.0,81.0,94,Yes,15934.35
593,Female,22,Arts,2.84,4.0,1.0,0,67.0,52.0,46,Yes,
594,Female,20,Data Science,2.59,4.0,3.0,5,,59.0,41,Yes,15098.55
595,Female,19,Business,2.78,2.0,7.0,3,80.0,53.0,64,No,
596,Female,22,Business,2.52,3.0,9.0,4,59.0,45.0,78,No,
597,Male,19,Data Science,2.86,,9.0,1,73.0,81.0,63,Yes,8607.62
598,Male,28,Data Science,2.71,0.0,5.0,0,77.0,96.0,82,No,16772.72
599,Male,26,Engineering,2.97,3.0,4.0,3,50.0,,60,No,4159.32
599,Male,26,Engineering,2.97,3.0,4.0,3,50.0,,60,No,4159.32
600,Female,19,Engineering,2.13,4.0,6.0,1,69.0,,90,No,11214.65
